C,gamma,support_vectors
0.03125,3.0517578125e-05,10648
0.03125,0.00048828125,10645
0.03125,0.0078125,8320
0.03125,0.125,4645
0.03125,2.0,8891
0.5,3.0517578125e-05,10645
0.5,0.00048828125,8205
0.5,0.0078125,3799
0.5,0.125,2469
0.5,2.0,5597
8.0,3.0517578125e-05,8196
8.0,0.00048828125,3777
8.0,0.0078125,2237
8.0,0.125,2003
8.0,2.0,5634
128.0,3.0517578125e-05,3784
128.0,0.00048828125,2276
128.0,0.0078125,1847
128.0,0.125,1951
128.0,2.0,5594
2048.0,3.0517578125e-05,2288
2048.0,0.00048828125,1919
2048.0,0.0078125,1742
2048.0,0.125,1988
2048.0,2.0,5557
64.0,0.00390625,1986
64.0,0.0078125,1893
64.0,0.015625,1835
128.0,0.00390625,1912
128.0,0.015625,1811
256.0,0.00390625,1857
256.0,0.0078125,1812
256.0,0.015625,1773
