n_train,strategy,repeat,fit_s,predict_500_s
500,OvR,1,0.04682850000062899,0.033673200001430814
500,OvR,2,0.05745460000071034,0.032966700000542914
500,OvR,3,0.0497960000011517,0.03576319999956468
500,OvO,1,0.07900659999904747,0.06252319999839528
500,OvO,2,0.0682133000009344,0.07748340000034659
500,OvO,3,0.0668349000006856,0.05978809999942314
1000,OvR,1,0.09437489999982063,0.044193100000484264
1000,OvR,2,0.11541810000016994,0.059053300001323805
1000,OvR,3,0.11914450000040233,0.06865769999967597
1000,OvO,1,0.09259039999960805,0.07739889999902516
1000,OvO,2,0.08458500000051572,0.09861009999985981
1000,OvO,3,0.0827448000000004,0.09555540000110341
2000,OvR,1,0.37395310000101745,0.16054040000017267
2000,OvR,2,0.39681170000039856,0.1317691999993258
2000,OvR,3,0.37393429999974614,0.09342469999864988
2000,OvO,1,0.159745799999655,0.1523012000016024
2000,OvO,2,0.16733879999992496,0.30324690000088594
2000,OvO,3,0.21804399999928137,0.36408449999908044
4000,OvR,1,1.8758498000006512,0.22170099999857484
4000,OvR,2,0.6484944999992877,0.1690610999994533
4000,OvR,3,0.6137300999998843,0.13129269999990356
4000,OvO,1,0.2881011999998009,0.19858690000000934
4000,OvO,2,0.23457299999972747,0.1870957000010094
4000,OvO,3,0.29801919999954407,0.16821209999943676
8000,OvR,1,2.8188494999994873,0.22682800000075076
8000,OvR,2,3.5570642999991833,0.5130826999993587
8000,OvR,3,3.395338199999969,0.29587480000009236
8000,OvO,1,0.8125034999993659,0.40796810000028927
8000,OvO,2,0.735375499998554,0.2643219000001409
8000,OvO,3,0.57533660000081,0.2659233000013046
