k,strategy,fit_median_s,predict_median_300_s
2,OvO,0.016933400000198162,0.012314899999182671
2,OvR,0.02452850000008766,0.008692699999301112
3,OvO,0.02604619999874558,0.020660700000007637
3,OvR,0.04109959999914281,0.018503000001146575
4,OvO,0.027777200000855373,0.022545200001331978
4,OvR,0.04752870000083931,0.01596840000092925
5,OvO,0.03562480000073265,0.027498899999045534
5,OvR,0.038797799999883864,0.013738699999521486
6,OvO,0.04411760000039067,0.0328375999997661
6,OvR,0.04757260000042152,0.017247199999474105
7,OvO,0.06043430000136141,0.05522210000162886
7,OvR,0.05584239999916463,0.01961710000068706
