k,classes,n_train,strategy,repeat,fit_s,predict_300_s
2,"DERMASON,SIRA",700,OvR,1,0.02634820000093896,0.009357999999338062
2,"DERMASON,SIRA",700,OvR,2,0.022471500000392552,0.008692699999301112
2,"DERMASON,SIRA",700,OvR,3,0.02452850000008766,0.00745910000114236
2,"DERMASON,SIRA",700,OvO,1,0.02185269999972661,0.011677599999529775
2,"DERMASON,SIRA",700,OvO,2,0.016933400000198162,0.01518930000020191
2,"DERMASON,SIRA",700,OvO,3,0.01657840000007127,0.012314899999182671
3,"DERMASON,SIRA,SEKER",700,OvR,1,0.04109959999914281,0.013312399998540059
3,"DERMASON,SIRA,SEKER",700,OvR,2,0.040679699999600416,0.019708499999978812
3,"DERMASON,SIRA,SEKER",700,OvR,3,0.04927709999901708,0.018503000001146575
3,"DERMASON,SIRA,SEKER",700,OvO,1,0.02604619999874558,0.02548439999918628
3,"DERMASON,SIRA,SEKER",700,OvO,2,0.027856799999426585,0.019228600000133156
3,"DERMASON,SIRA,SEKER",700,OvO,3,0.020845199998802855,0.020660700000007637
4,"DERMASON,SIRA,SEKER,HOROZ",700,OvR,1,0.0475482000001648,0.018278199999258504
4,"DERMASON,SIRA,SEKER,HOROZ",700,OvR,2,0.04210630000125093,0.015213100001346902
4,"DERMASON,SIRA,SEKER,HOROZ",700,OvR,3,0.04752870000083931,0.01596840000092925
4,"DERMASON,SIRA,SEKER,HOROZ",700,OvO,1,0.027777200000855373,0.020701899999039597
4,"DERMASON,SIRA,SEKER,HOROZ",700,OvO,2,0.02455519999966782,0.022545200001331978
4,"DERMASON,SIRA,SEKER,HOROZ",700,OvO,3,0.03055589999894437,0.024281399999381392
5,"DERMASON,SIRA,SEKER,HOROZ,CALI",700,OvR,1,0.038797799999883864,0.013738699999521486
5,"DERMASON,SIRA,SEKER,HOROZ,CALI",700,OvR,2,0.0390172999996139,0.013189200000851997
5,"DERMASON,SIRA,SEKER,HOROZ,CALI",700,OvR,3,0.03780639999968116,0.015953000000081374
5,"DERMASON,SIRA,SEKER,HOROZ,CALI",700,OvO,1,0.03562480000073265,0.027372500000637956
5,"DERMASON,SIRA,SEKER,HOROZ,CALI",700,OvO,2,0.03343880000102217,0.02798589999838441
5,"DERMASON,SIRA,SEKER,HOROZ,CALI",700,OvO,3,0.03589319999991858,0.027498899999045534
6,"DERMASON,SIRA,SEKER,HOROZ,CALI,BARBUNYA",700,OvR,1,0.048426900000777096,0.017247199999474105
6,"DERMASON,SIRA,SEKER,HOROZ,CALI,BARBUNYA",700,OvR,2,0.04667400000107591,0.01665060000050289
6,"DERMASON,SIRA,SEKER,HOROZ,CALI,BARBUNYA",700,OvR,3,0.04757260000042152,0.019690900000568945
6,"DERMASON,SIRA,SEKER,HOROZ,CALI,BARBUNYA",700,OvO,1,0.04411760000039067,0.0328375999997661
6,"DERMASON,SIRA,SEKER,HOROZ,CALI,BARBUNYA",700,OvO,2,0.048045100000308594,0.033438799999203184
6,"DERMASON,SIRA,SEKER,HOROZ,CALI,BARBUNYA",700,OvO,3,0.04387780000070052,0.03241429999980028
7,"DERMASON,SIRA,SEKER,HOROZ,CALI,BARBUNYA,BOMBAY",700,OvR,1,0.05602109999927052,0.019918300000426825
7,"DERMASON,SIRA,SEKER,HOROZ,CALI,BARBUNYA,BOMBAY",700,OvR,2,0.05532170000151382,0.01958840000042983
7,"DERMASON,SIRA,SEKER,HOROZ,CALI,BARBUNYA,BOMBAY",700,OvR,3,0.05584239999916463,0.01961710000068706
7,"DERMASON,SIRA,SEKER,HOROZ,CALI,BARBUNYA,BOMBAY",700,OvO,1,0.057541099999070866,0.043762299999798415
7,"DERMASON,SIRA,SEKER,HOROZ,CALI,BARBUNYA,BOMBAY",700,OvO,2,0.06960330000038084,0.05522210000162886
7,"DERMASON,SIRA,SEKER,HOROZ,CALI,BARBUNYA,BOMBAY",700,OvO,3,0.06043430000136141,0.057996200001070974
