n_train,strategy,fit_median_s,fit_q1_s,fit_q3_s,predict_median_500_s
500,OvO,0.0682133000009344,0.06752410000081,0.07360994999999093,0.06252319999839528
500,OvR,0.0497960000011517,0.048312250000890344,0.05362530000093102,0.033673200001430814
1000,OvO,0.08458500000051572,0.08366490000025806,0.08858770000006189,0.09555540000110341
1000,OvR,0.11541810000016994,0.10489649999999529,0.11728130000028614,0.059053300001323805
2000,OvO,0.16733879999992496,0.16354229999978998,0.19269139999960316,0.30324690000088594
2000,OvR,0.37395310000101745,0.3739437000003818,0.385382400000708,0.1317691999993258
4000,OvO,0.2881011999998009,0.2613370999997642,0.2930601999996725,0.1870957000010094
4000,OvR,0.6484944999992877,0.631112299999586,1.2621721499999694,0.1690610999994533
8000,OvO,0.735375499998554,0.655356049999682,0.77393949999896,0.2659233000013046
8000,OvR,3.395338199999969,3.1070938499997283,3.4762012499995762,0.29587480000009236
